position,target,model,is_baseline,mae,rmse,spearman,folds
RB,rushing_yards,historical_median_comparable_opportunity,true,133.84362119001722,268.26581436904644,0.5990327376199499,8
TE,carries,historical_median_comparable_opportunity,true,0.4589824519335488,4.527645665573818,,8
RB,fantasy_points_ppr,two_year_weighted_average,true,35.86240706383719,58.252037572492924,0.6062378868203372,8
RB,targets,three_year_weighted_average,true,10.969663803261488,17.55846822568359,0.5702892828858517,8
TE,rushing_yards,three_year_weighted_average,true,1.7967742530767103,12.966376188885024,0.2334145457378714,8
WR,receptions,ridge,false,11.148687961406699,15.514708260446703,0.7693792008337399,8
RB,fumbles_lost,two_year_weighted_average,true,0.3607724790065056,0.7645811763970792,0.2996819206464451,8
QB,rushing_yards,historical_median_comparable_opportunity,true,61.899417031635764,142.20488625171384,0.5376744761356234,8
QB,fantasy_points_ppr,ridge_baseline,true,48.050004523167964,73.33859308879603,0.6524691302364685,8
QB,rushing_tds,position_age_group_average,true,0.9905691023768834,1.7923212733399798,0.2056028808121117,8
WR,targets,historical_median_comparable_opportunity,true,16.931248962344867,29.553538621832764,0.6537013929092451,8
RB,receiving_tds,ridge,false,0.473676122495364,0.8387786119501452,0.4782481611233693,8
QB,fumbles_lost,position_age_group_average,true,1.2002935974724638,1.5454762379755784,0.15331443213531232,8
TE,fantasy_points_ppr,previous_season_per_game,true,25.60473668850707,39.65133956556906,0.6028760389282639,8
QB,rushing_tds,previous_season_total,true,0.7567251848265968,1.5277561503158668,0.5283425769790362,8
QB,rushing_yards,previous_season_per_game,true,60.558429580647015,111.665995779795,0.5489260635542754,8
WR,targets,ridge,false,17.324436824905945,23.345972782914167,0.7784031873628434,8
RB,targets,ridge,false,9.305925056197353,13.773209006341023,0.7310180233008322,8
WR,rushing_yards,two_year_weighted_average,true,8.202096575692252,21.187106229982952,0.3660311337169601,8
QB,passing_tds,ridge,false,4.664930327869338,7.179068235239836,0.6983603092826377,8
WR,carries,position_age_group_average,true,1.4417886823550772,3.186417554998356,0.23084476029051484,8
TE,rushing_yards,historical_median_comparable_opportunity,true,2.211427255677719,23.850689475617152,,8
QB,pass_attempts,position_age_group_average,true,178.78029608826236,204.8400571638172,0.04761265290127086,8
RB,rushing_yards,previous_season_total,true,145.3004501031388,248.54399619972614,0.6058088187894144,8
WR,rushing_tds,previous_season_total,true,0.07073016509883358,0.3357461193635872,0.18603540077694075,8
RB,receiving_tds,previous_season_per_game,true,0.5120923106116398,1.1019233944224396,0.35058694379981076,8
QB,rushing_yards,three_year_weighted_average,true,60.558429580647015,111.665995779795,0.5489260635542754,8
WR,rushing_tds,position_age_group_average,true,0.06583187550101008,0.2536012366187101,0.08534927730910057,8
QB,passing_yards,previous_season_per_game,true,759.8197500849806,1215.0518010780384,0.5957816751494156,8
WR,receiving_tds,elastic_net,false,1.0841912943175394,1.6759076911932458,0.6850072797766655,8
TE,receiving_tds,two_year_weighted_average,true,1.0473107462917621,1.815354966818067,0.4975909048941184,8
RB,fumbles_lost,position_age_group_average,true,0.39759952039764207,0.6049609385983192,0.16399629351494663,8
RB,receptions,two_year_weighted_average,true,8.446586270726764,13.78718580539002,0.5726901016296171,8
WR,rushing_tds,two_year_weighted_average,true,0.07073016509883358,0.3357461193635872,0.18603540077694075,8
QB,passing_yards,historical_median_comparable_opportunity,true,653.9560573100559,1232.2191905641275,0.626796972098573,8
QB,passing_tds,ridge_baseline,true,4.6944803600091864,7.417328374585098,0.6472592093898325,8
TE,fumbles_lost,ridge_baseline,true,0.16290313793207667,0.42067187711503784,0.26176274387724136,8
TE,rushing_yards,ridge,false,3.162853592140216,16.339498648960827,0.10377215016189732,8
QB,passing_yards,three_year_weighted_average,true,759.8197500849806,1215.0518010780384,0.5957816751494156,8
WR,fumbles_lost,previous_season_per_game,true,0.18565162707990693,0.4822194159324263,0.11241489578754305,8
QB,interceptions,two_year_weighted_average,true,3.385280643304622,4.971006900417255,0.4788043113005602,8
RB,rushing_tds,ridge_baseline,true,1.1815805164030944,2.094506918991927,0.5990409943986431,8
WR,receiving_tds,ridge_baseline,true,1.0649212808869983,1.6663680099141438,0.6625479647670403,8
QB,pass_attempts,elastic_net,false,94.38812993409482,132.91541475777726,0.7152545155816912,8
TE,rushing_yards,previous_season_total,true,1.7967742530767103,12.966376188885024,0.2334145457378714,8
TE,targets,previous_season_total,true,14.520460499615806,22.397493272437973,0.5877272601008054,8
RB,targets,historical_median_comparable_opportunity,true,8.91326362000634,17.059031547902492,0.5912731968205927,8
QB,fumbles_lost,historical_median_comparable_opportunity,true,0.7572525939018,1.454999248231668,0.49689632780079296,8
WR,receiving_tds,position_age_group_average,true,1.7165302532863285,2.375077356386849,0.19135814147362448,8
RB,targets,position_age_group_average,true,14.48810428218248,19.98115657863237,0.2995161565014768,8
RB,fantasy_points_ppr,position_age_group_average,true,52.29105886643438,73.63152777491553,0.32729659571890923,8
TE,carries,previous_season_per_game,true,0.3404781000609305,2.2019045346281962,0.4569120813101141,8
WR,fantasy_points_ppr,three_year_weighted_average,true,34.12068343787019,52.48696492331537,0.6493842965277468,8
QB,passing_yards,position_age_group_average,true,1315.744868569294,1521.4953321194546,0.04815769983807978,8
TE,rushing_tds,two_year_weighted_average,true,0.04339534057636668,0.29426332040102476,0.29683396880552704,8
TE,fumbles_lost,previous_season_total,true,0.15448234066865665,0.4551421328469871,0.14378504989564786,8
WR,receptions,elastic_net,false,11.123033110570786,15.670045559463539,0.7595028408513376,8
WR,carries,ridge,false,1.3030553238223477,2.5782208890308,0.46974230549884005,8
TE,receiving_tds,historical_median_comparable_opportunity,true,0.8122440991215767,1.6705062701914064,0.4964168465120301,8
TE,receiving_yards,two_year_weighted_average,true,107.0628582691876,169.24970246398948,0.5985158066680268,8
WR,receptions,previous_season_total,true,12.486282413339083,18.98378022903123,0.6415782538158932,8
TE,receiving_yards,elastic_net,false,97.01638013753364,146.21673846942244,0.7156220769978515,8
TE,fantasy_points_ppr,three_year_weighted_average,true,25.60473668850707,39.65133956556905,0.6028618612394393,8
QB,carries,elastic_net,false,10.995665422140858,17.78628225523958,0.7218925984519536,8
RB,targets,previous_season_per_game,true,10.969663803261488,17.55846822568359,0.570261265700981,8
RB,rushing_yards,previous_season_per_game,true,145.3004501031388,248.54399619972614,0.6058253506326252,8
QB,completions,previous_season_total,true,70.05926366258306,111.09180783859578,0.5841835943629654,8
WR,receiving_tds,historical_median_comparable_opportunity,true,0.964220109574601,2.0327924261061416,0.6056539742982034,8
TE,targets,ridge_baseline,true,12.69436492875471,18.62008406460458,0.6741838229707311,8
WR,receiving_yards,ridge_baseline,true,140.4588025824817,203.91401175708435,0.7127227689072554,8
RB,fantasy_points_ppr,historical_median_comparable_opportunity,true,31.65730783803797,60.676121166378145,0.6003291822771483,8
TE,targets,position_age_group_average,true,21.54887884096271,28.908110127248296,0.19840436419462457,8
TE,targets,three_year_weighted_average,true,14.520460499615806,22.397493272437973,0.5877272601008054,8
RB,carries,historical_median_comparable_opportunity,true,30.36661194331041,58.164844739108545,0.6056984066366564,8
TE,receiving_yards,historical_median_comparable_opportunity,true,101.24007225989831,185.27026815483143,0.5741768814514632,8
WR,carries,two_year_weighted_average,true,1.1437384943108122,3.0381213361564607,0.4904133057728768,8
WR,rushing_yards,position_age_group_average,true,9.061768108175801,19.54937694422373,0.1973608847238662,8
WR,rushing_tds,ridge_baseline,true,0.07414029224890742,0.24184061199027676,0.1818387942574836,8
RB,fantasy_points_ppr,elastic_net,false,32.19172964029922,49.43220344409551,0.723950941618112,8
QB,pass_attempts,ridge_baseline,true,96.05586774049064,138.48944159808394,0.6617242272904952,8
TE,rushing_yards,ridge_baseline,true,3.4165879177854035,23.58464044204989,0.11762139177934836,8
RB,fumbles_lost,three_year_weighted_average,true,0.3607724790065056,0.7645811763970792,0.2996819206464451,8
QB,rushing_tds,two_year_weighted_average,true,0.7567251848265968,1.5277561503158668,0.5283425769790362,8
QB,rushing_tds,ridge_baseline,true,0.7635330273797778,1.422092647809667,0.5594900468317183,8
TE,receiving_tds,ridge,false,0.9254940221189667,1.4072448703081155,0.6250286449561903,8
TE,receiving_tds,ridge_baseline,true,0.933625819665302,1.5482453818692028,0.5761072590717753,8
WR,rushing_yards,previous_season_per_game,true,8.202096575692252,21.187106229982952,0.36602342050958847,8
QB,carries,previous_season_per_game,true,12.495294269886767,20.11308322641585,0.6180149044828342,8
WR,rushing_tds,historical_median_comparable_opportunity,true,0.03889211760219917,0.25700925764066856,,8
RB,receiving_tds,historical_median_comparable_opportunity,true,0.354853377263579,1.0401205971543632,,8
WR,fumbles_lost,two_year_weighted_average,true,0.18565162707990693,0.4822194159324263,0.11241489578754305,8
WR,receiving_yards,previous_season_total,true,157.0534351086314,241.71466354865015,0.6455777412567525,8
QB,passing_tds,position_age_group_average,true,8.745455390865615,10.64682503035966,0.060137755833077525,8
QB,rushing_yards,previous_season_total,true,60.558429580647015,111.665995779795,0.5489260635542754,8
TE,fumbles_lost,previous_season_per_game,true,0.15448234066865665,0.4551421328469871,0.14378504989564786,8
TE,receptions,position_age_group_average,true,14.862596571206216,20.393842887576866,0.16849303967642165,8
QB,interceptions,ridge,false,2.4932050418933347,3.4331878048020896,0.6641954899632214,8
QB,rushing_yards,elastic_net,false,58.046368922667135,99.91938415143217,0.6235380989905932,8
QB,interceptions,previous_season_per_game,true,3.385280643304622,4.971006900417255,0.4787223801789061,8
RB,rushing_yards,two_year_weighted_average,true,145.3004501031388,248.54399619972614,0.6058088187894144,8
TE,receiving_yards,previous_season_total,true,107.0628582691876,169.24970246398948,0.5985158066680268,8
WR,rushing_yards,historical_median_comparable_opportunity,true,5.792799172355045,20.533841751329803,,8
WR,rushing_yards,ridge_baseline,true,8.0226950017082,18.171420831817354,0.39724895105411023,8
QB,rushing_yards,position_age_group_average,true,84.21095129118338,140.0833218736583,0.2317098534074165,8
QB,rushing_yards,ridge,false,58.53782871195397,99.95261014818459,0.61785140266379,8
RB,fantasy_points_ppr,three_year_weighted_average,true,35.86240706383719,58.25203757249292,0.6062321162151718,8
RB,fumbles_lost,elastic_net,false,0.32256313797220176,0.5280453113544333,0.4552482050124665,8
RB,rushing_tds,three_year_weighted_average,true,1.318438277219161,2.544007583839277,0.5462894178662251,8
TE,receiving_tds,position_age_group_average,true,1.312396155444589,1.8537011268519978,0.13958677148452311,8
RB,carries,position_age_group_average,true,50.06990004307755,70.01123062728226,0.3315561282141397,8
WR,carries,historical_median_comparable_opportunity,true,0.9695808133892247,3.3665104822125,,8
QB,fantasy_points_ppr,ridge,false,48.72160876353224,71.5851671506487,0.691850139194051,8
QB,fantasy_points_ppr,historical_median_comparable_opportunity,true,46.259011948161685,87.51004046896885,0.6174305434229376,8
WR,receptions,position_age_group_average,true,20.299452484285556,26.236067315664894,0.20784241465914066,8
TE,rushing_tds,ridge,false,0.05730755808656854,0.2676834074006661,0.11742798620377744,8
WR,targets,two_year_weighted_average,true,19.787566708500158,29.447109640598203,0.6373021622758496,8
TE,fumbles_lost,historical_median_comparable_opportunity,true,0.0802553450018603,0.32508016537457146,,8
WR,fantasy_points_ppr,two_year_weighted_average,true,34.12068343787019,52.48696492331537,0.6493812955465808,8
RB,targets,ridge_baseline,true,9.205485093763437,14.144100685407949,0.6530340812652806,8
TE,rushing_tds,previous_season_total,true,0.04339534057636668,0.29426332040102476,0.29683396880552704,8
TE,receiving_yards,position_age_group_average,true,162.8322841288641,224.74463503917568,0.18970033935705932,8
QB,interceptions,historical_median_comparable_opportunity,true,2.3315512865917927,3.9967991587563967,0.6032350334151231,8
RB,receiving_tds,three_year_weighted_average,true,0.5120923106116398,1.1019233944224396,0.35058694379981076,8
QB,completions,historical_median_comparable_opportunity,true,58.27816646779752,108.13649900546145,0.6267429657334272,8
QB,fumbles_lost,three_year_weighted_average,true,1.161614714553451,1.8482853282862488,0.40538237505264,8
WR,fumbles_lost,historical_median_comparable_opportunity,true,0.09317120309012958,0.3446575049030182,,8
RB,receptions,position_age_group_average,true,11.154240037813823,15.727727937178315,0.29878681917844274,8
WR,fumbles_lost,position_age_group_average,true,0.17696245401700567,0.33018558693595884,0.14090611205322368,8
QB,pass_attempts,two_year_weighted_average,true,109.18568819966204,170.9596126210294,0.5756861645271591,8
WR,receiving_yards,two_year_weighted_average,true,157.0534351086314,241.71466354865015,0.6455777412567525,8
WR,rushing_yards,ridge,false,8.489807696656609,16.905841869532427,0.3961088168168705,8
QB,fumbles_lost,two_year_weighted_average,true,1.161614714553451,1.8482853282862488,0.40538237505264,8
WR,fantasy_points_ppr,previous_season_total,true,34.12068343787019,52.48696492331537,0.6493812955465808,8
TE,fantasy_points_ppr,two_year_weighted_average,true,25.60473668850707,39.65133956556906,0.6028651825773901,8
RB,targets,two_year_weighted_average,true,10.969663803261488,17.55846822568359,0.5702892828858517,8
WR,receiving_yards,elastic_net,false,144.70730576065463,204.9685676823269,0.7484158278075822,8
QB,fantasy_points_ppr,two_year_weighted_average,true,51.268017146652056,83.78185355934656,0.6205105624024588,8
QB,fumbles_lost,elastic_net,false,0.8975964244358479,1.2972488271991982,0.5888638121171856,8
WR,fumbles_lost,three_year_weighted_average,true,0.18565162707990693,0.4822194159324263,0.11241489578754305,8
QB,completions,previous_season_per_game,true,70.05926366258306,111.09180783859578,0.5842274938780285,8
QB,interceptions,elastic_net,false,2.4690177662779584,3.443780527144409,0.6685722226588598,8
RB,receiving_yards,ridge,false,58.5487540448878,89.23832068324096,0.7158444106625413,8
WR,carries,previous_season_per_game,true,1.1437384943108122,3.0381213361564607,0.4904133057728768,8
RB,fantasy_points_ppr,previous_season_total,true,35.86240706383719,58.252037572492924,0.6062378868203372,8
RB,receptions,elastic_net,false,7.15885947573279,11.103360764944087,0.7128651919108635,8
TE,targets,previous_season_per_game,true,14.520460499615806,22.397493272437973,0.5877249213169023,8
WR,targets,previous_season_per_game,true,19.787566708500158,29.447109640598203,0.6373474536448192,8
QB,interceptions,ridge_baseline,true,2.5693859011083098,3.569018918910915,0.6207771451112416,8
QB,passing_yards,ridge,false,687.7743663958408,984.3276925386737,0.7170831551105372,8
RB,receptions,ridge,false,7.2246716435477225,10.94588905101159,0.7249598782046773,8
WR,receiving_tds,three_year_weighted_average,true,1.1896825427379174,2.097308096627049,0.6035774165658732,8
TE,receptions,ridge,false,8.967041776919912,13.1153118905431,0.7422017507869934,8
QB,rushing_tds,ridge,false,0.7632126417610359,1.4545727517651859,0.5982281774072042,8
RB,rushing_yards,three_year_weighted_average,true,145.3004501031388,248.54399619972614,0.6058088187894144,8
QB,completions,ridge,false,61.503630453828194,87.20853300151018,0.7193494121317067,8
QB,rushing_tds,three_year_weighted_average,true,0.7567251848265968,1.5277561503158668,0.5283425769790362,8
QB,carries,ridge_baseline,true,10.792087752005662,17.394006487008642,0.6715636812195112,8
TE,fantasy_points_ppr,previous_season_total,true,25.60473668850707,39.65133956556906,0.6028651825773901,8
RB,carries,previous_season_total,true,34.07752893519018,56.49289354543148,0.5924044116473879,8
WR,receiving_tds,ridge,false,1.094159291175187,1.6601741434967374,0.6828700870651628,8
WR,receptions,historical_median_comparable_opportunity,true,11.016813501728969,19.698731235299547,0.653756258559907,8
QB,rushing_tds,elastic_net,false,0.7477862130843232,1.4733642878876392,0.5762944621934319,8
RB,receiving_tds,ridge_baseline,true,0.46513918274203264,0.8478149949269607,0.4473455925755907,8
QB,passing_yards,ridge_baseline,true,695.5815448569355,1023.3744977949289,0.6602785630505331,8
TE,receiving_yards,previous_season_per_game,true,107.0628582691876,169.24970246398948,0.5985257676635848,8
RB,rushing_yards,elastic_net,false,135.3064429349592,214.04940302507498,0.7052983855138548,8
QB,pass_attempts,previous_season_per_game,true,109.18568819966204,170.9596126210294,0.5756861645271591,8
RB,receiving_yards,historical_median_comparable_opportunity,true,53.79245002865859,109.51546312112498,0.5852713478608215,8
TE,fantasy_points_ppr,ridge,false,23.097015610388716,33.58906985381471,0.7404503462300958,8
TE,receptions,historical_median_comparable_opportunity,true,9.432823681880425,16.79137330887497,0.5732684806332038,8
TE,fantasy_points_ppr,position_age_group_average,true,38.73167299876041,52.78184174544153,0.187832180838473,8
QB,pass_attempts,historical_median_comparable_opportunity,true,89.76506446737609,166.22019784980338,0.6225604505249844,8
TE,rushing_tds,elastic_net,false,0.042620599278898906,0.3004549821342469,0.16690290932555774,8
WR,receptions,two_year_weighted_average,true,12.486282413339083,18.98378022903123,0.6415782538158932,8
RB,fumbles_lost,historical_median_comparable_opportunity,true,0.22653954517629526,0.6508367128573376,,8
QB,fumbles_lost,ridge_baseline,true,0.9211960225361004,1.3240793682185539,0.5568000165178355,8
RB,fantasy_points_ppr,previous_season_per_game,true,35.86240706383719,58.252037572492924,0.6062139827917747,8
QB,passing_tds,previous_season_total,true,4.916627675562638,8.449945247262209,0.632575239675553,8
RB,receiving_yards,position_age_group_average,true,87.62726872856591,124.80570099690348,0.29530710889132616,8
TE,receiving_yards,three_year_weighted_average,true,107.0628582691876,169.24970246398948,0.5985158066680268,8
TE,receptions,previous_season_total,true,10.043480839046856,15.58711838644889,0.6016619622026543,8
RB,receiving_yards,previous_season_per_game,true,66.92083401736957,110.77391328334238,0.5657865560567157,8
WR,receiving_tds,previous_season_total,true,1.1896825427379174,2.097308096627049,0.6035774165658732,8
RB,fantasy_points_ppr,ridge_baseline,true,31.964718946508825,49.779594897781934,0.6768896520961319,8
TE,carries,three_year_weighted_average,true,0.3404781000609305,2.2019045346281962,0.4569120813101141,8
TE,carries,two_year_weighted_average,true,0.3404781000609305,2.2019045346281962,0.4569120813101141,8
WR,fumbles_lost,ridge,false,0.1663584182511471,0.31066701118218537,0.311689592014986,8
TE,targets,elastic_net,false,12.732719907998455,18.473671064164048,0.7281232719983882,8
QB,passing_tds,previous_season_per_game,true,4.916627675562638,8.449945247262209,0.6325248656527391,8
RB,fumbles_lost,previous_season_total,true,0.3607724790065056,0.7645811763970792,0.2996819206464451,8
TE,fumbles_lost,two_year_weighted_average,true,0.15448234066865665,0.4551421328469871,0.14378504989564786,8
RB,carries,two_year_weighted_average,true,34.07752893519018,56.49289354543148,0.5924044116473879,8
TE,rushing_yards,position_age_group_average,true,3.0600582269207175,23.76841529316633,0.052689407073076976,8
WR,rushing_yards,three_year_weighted_average,true,8.202096575692252,21.187106229982952,0.3660311337169601,8
WR,rushing_yards,previous_season_total,true,8.202096575692252,21.187106229982952,0.3660311337169601,8
RB,rushing_tds,elastic_net,false,1.2014060594534621,2.1252062458996406,0.6376538781418956,8
TE,rushing_tds,ridge_baseline,true,0.061785872925150975,0.38438265116156456,0.13693514160722992,8
RB,carries,previous_season_per_game,true,34.07752893519018,56.49289354543148,0.5924080625154179,8
WR,receiving_yards,previous_season_per_game,true,157.0534351086314,241.71466354865015,0.645585851522839,8
RB,receiving_tds,two_year_weighted_average,true,0.5120923106116398,1.1019233944224396,0.35058694379981076,8
TE,carries,position_age_group_average,true,0.6293946151426799,4.50871794111043,0.04189023554209877,8
WR,receiving_yards,three_year_weighted_average,true,157.0534351086314,241.71466354865015,0.6455777412567525,8
TE,rushing_tds,position_age_group_average,true,0.04907626333099142,0.33174406607866885,0.03478167216759452,8
QB,interceptions,previous_season_total,true,3.385280643304622,4.971006900417255,0.4788043113005602,8
WR,receptions,three_year_weighted_average,true,12.486282413339083,18.98378022903123,0.6415782538158932,8
QB,completions,position_age_group_average,true,116.72801996924684,135.19593415146684,0.048506589289674294,8
QB,fantasy_points_ppr,three_year_weighted_average,true,51.268017146652056,83.78185355934656,0.6205105624024588,8
RB,carries,ridge_baseline,true,29.70651071417234,46.51233240434494,0.6636755620340272,8
TE,receiving_yards,ridge,false,99.15599165179103,145.68212060694893,0.725344599662858,8
WR,carries,previous_season_total,true,1.1437384943108122,3.0381213361564607,0.4904133057728768,8
QB,rushing_tds,previous_season_per_game,true,0.7567251848265968,1.5277561503158668,0.5283425769790362,8
WR,fumbles_lost,ridge_baseline,true,0.1623743632989219,0.3142424908130966,0.29722320996013424,8
WR,targets,three_year_weighted_average,true,19.787566708500158,29.447109640598203,0.6373021622758496,8
TE,carries,elastic_net,false,0.5238947759215381,3.618771181053492,0.2693413680979645,8
TE,fantasy_points_ppr,ridge_baseline,true,23.39267574038293,36.22627914284946,0.6694989749362941,8
RB,rushing_tds,ridge,false,1.2184633407287293,2.0858102563784184,0.6352352569929031,8
WR,rushing_tds,ridge,false,0.07851917861677818,0.24171076291360435,0.19148201738057502,8
RB,fumbles_lost,ridge,false,0.3300846852329796,0.5321639671746999,0.45294387373179035,8
TE,rushing_tds,historical_median_comparable_opportunity,true,0.03264575961348868,0.3329447917059021,,8
QB,carries,historical_median_comparable_opportunity,true,12.27753582236111,24.493660439797214,0.601376514684395,8
RB,fantasy_points_ppr,ridge,false,32.33823340959196,48.47419609408887,0.7531319278462406,8
TE,receptions,two_year_weighted_average,true,10.043480839046856,15.58711838644889,0.6016619622026543,8
RB,rushing_tds,position_age_group_average,true,1.6995592359739558,2.788148196205146,0.26292030348786566,8
WR,rushing_tds,three_year_weighted_average,true,0.07073016509883358,0.3357461193635872,0.18603540077694075,8
TE,receptions,previous_season_per_game,true,10.043480839046856,15.58711838644889,0.6016795533611187,8
QB,completions,ridge_baseline,true,62.299786103159676,90.69373707530387,0.6609669713807846,8
RB,receptions,historical_median_comparable_opportunity,true,6.909135408943393,13.489092909824935,0.5918185515208463,8
QB,passing_yards,elastic_net,false,684.9616965465835,982.7906121502708,0.7149266621633036,8
TE,carries,ridge,false,0.5849344401510265,2.877154183807119,0.19851683486378494,8
WR,carries,elastic_net,false,1.1038353695307546,2.5382255597124934,0.48185502291567894,8
TE,receptions,elastic_net,false,8.89494872678141,13.218492240613807,0.7364436436035627,8
TE,receiving_yards,ridge_baseline,true,97.3568460822012,146.47856102176462,0.6654846282699427,8
QB,carries,ridge,false,11.007696185689335,17.60827032221097,0.7299552807939814,8
QB,passing_tds,three_year_weighted_average,true,4.916627675562638,8.449945247262209,0.632575239675553,8
RB,rushing_yards,ridge,false,136.28575143935328,209.82717182573597,0.7222812354852803,8
RB,receiving_tds,elastic_net,false,0.4671214780542765,0.8496447162740454,0.47980775980517154,8
WR,targets,ridge_baseline,true,16.76146491241661,23.5786833652636,0.7215697926847986,8
TE,carries,previous_season_total,true,0.3404781000609305,2.2019045346281962,0.4569120813101141,8
RB,receiving_yards,ridge_baseline,true,57.83141144880549,91.43705704504356,0.6416381064950073,8
TE,receiving_tds,previous_season_total,true,1.0473107462917621,1.815354966818067,0.4975909048941184,8
QB,rushing_tds,historical_median_comparable_opportunity,true,0.6903119136005653,1.803856324124342,0.5033711163291186,8
QB,pass_attempts,ridge,false,94.21786826096624,132.46091487980092,0.7176582851201405,8
QB,passing_tds,elastic_net,false,4.620109055223359,7.194172074070321,0.7062196549811592,8
TE,receptions,ridge_baseline,true,8.871340569261521,13.269729113651437,0.6747098649631527,8
RB,carries,elastic_net,false,30.4018888797113,46.22339700624293,0.7170077790276034,8
WR,fantasy_points_ppr,ridge_baseline,true,30.631342847116493,44.344872463829795,0.7159987520651098,8
QB,rushing_yards,two_year_weighted_average,true,60.558429580647015,111.665995779795,0.5489260635542754,8
RB,receptions,ridge_baseline,true,7.146263109489584,11.2046153559032,0.6521056461286454,8
TE,fumbles_lost,elastic_net,false,0.14748646419068145,0.3002664280046241,0.29560102329102056,8
WR,fumbles_lost,previous_season_total,true,0.18565162707990693,0.4822194159324263,0.11241489578754305,8
TE,targets,ridge,false,12.946446605021368,18.380422488890396,0.7473854187365365,8
WR,receptions,ridge_baseline,true,10.89241849656454,15.67212081918167,0.7160037863420138,8
QB,rushing_yards,ridge_baseline,true,56.80546705519006,97.22722668112566,0.5984199503889384,8
WR,rushing_tds,previous_season_per_game,true,0.07073016509883358,0.3357461193635872,0.18603540077694075,8
RB,targets,elastic_net,false,9.219707603163364,13.894459736300416,0.7162559318349699,8
RB,receiving_yards,three_year_weighted_average,true,66.92083401736957,110.77391328334238,0.5657687666525693,8
QB,passing_tds,historical_median_comparable_opportunity,true,4.302826473999935,8.330434240565813,0.6410343119947667,8
RB,receptions,previous_season_total,true,8.446586270726764,13.78718580539002,0.5726901016296171,8
WR,carries,three_year_weighted_average,true,1.1437384943108122,3.0381213361564607,0.4904133057728768,8
RB,rushing_yards,ridge_baseline,true,133.23827975867698,214.73568653125548,0.653291278095095,8
QB,fantasy_points_ppr,previous_season_per_game,true,51.268017146652056,83.78185355934656,0.6205105624024588,8
RB,fumbles_lost,previous_season_per_game,true,0.3607724790065056,0.7645811763970792,0.2996819206464451,8
TE,rushing_yards,two_year_weighted_average,true,1.7967742530767103,12.966376188885024,0.2334145457378714,8
TE,rushing_tds,three_year_weighted_average,true,0.04339534057636668,0.29426332040102476,0.29683396880552704,8
WR,fantasy_points_ppr,previous_season_per_game,true,34.12068343787019,52.48696492331537,0.649401045963522,8
WR,receiving_yards,position_age_group_average,true,261.20765293502336,337.8935528976392,0.23130548222111513,8
TE,rushing_yards,previous_season_per_game,true,1.7967742530767103,12.966376188885024,0.2334145457378714,8
QB,fantasy_points_ppr,elastic_net,false,48.58523379952785,71.52922365536465,0.69407298954326,8
QB,carries,two_year_weighted_average,true,12.495294269886767,20.11308322641585,0.6179849914919648,8
TE,fumbles_lost,ridge,false,0.15802662114068586,0.30552488795253857,0.26779345566276425,8
TE,rushing_yards,elastic_net,false,2.8637012113236673,19.605001118823395,0.16289246834023696,8
TE,rushing_tds,previous_season_per_game,true,0.04339534057636668,0.29426332040102476,0.29683396880552704,8
WR,receiving_yards,ridge,false,145.31808031451288,202.369189309826,0.7624265245505657,8
QB,passing_yards,previous_season_total,true,759.8197500849806,1215.0518010780384,0.5957816751494156,8
WR,fantasy_points_ppr,position_age_group_average,true,56.81592790633776,73.66080404132953,0.23515262825099956,8
RB,receiving_yards,two_year_weighted_average,true,66.92083401736957,110.77391328334238,0.5657687666525693,8
QB,completions,two_year_weighted_average,true,70.05926366258306,111.09180783859578,0.5841835943629654,8
QB,interceptions,position_age_group_average,true,3.9492480228865467,4.624556864362792,0.10923507517569317,8
WR,fumbles_lost,elastic_net,false,0.1604344261325018,0.31130871946830435,0.3170142623955807,8
RB,targets,previous_season_total,true,10.969663803261488,17.55846822568359,0.5702892828858517,8
QB,fumbles_lost,previous_season_per_game,true,1.161614714553451,1.8482853282862488,0.40538237505264,8
QB,carries,position_age_group_average,true,18.056252877129815,26.311577466953082,0.2068407180792796,8
RB,receiving_tds,previous_season_total,true,0.5120923106116398,1.1019233944224396,0.35058694379981076,8
RB,rushing_tds,two_year_weighted_average,true,1.318438277219161,2.544007583839277,0.5462894178662251,8
RB,receptions,previous_season_per_game,true,8.446586270726764,13.78718580539002,0.5726906247736785,8
WR,targets,previous_season_total,true,19.787566708500158,29.447109640598203,0.6373021622758496,8
QB,fantasy_points_ppr,position_age_group_average,true,91.41810432577391,109.77275785311043,0.09074799578564853,8
RB,receiving_tds,position_age_group_average,true,0.5709978090014011,0.9684261309504689,0.17110972220343068,8
QB,fumbles_lost,ridge,false,0.9082819401064033,1.306422797700524,0.5914893333383033,8
RB,receptions,three_year_weighted_average,true,8.446586270726764,13.78718580539002,0.5726901016296171,8
TE,carries,ridge_baseline,true,0.6438455467782153,4.439026360334294,0.20862857839316867,8
WR,rushing_yards,elastic_net,false,7.614701622147107,16.5331645389477,0.42256580302568136,8
QB,interceptions,three_year_weighted_average,true,3.385280643304622,4.971006900417255,0.4788043113005602,8
RB,rushing_yards,position_age_group_average,true,215.43128128098277,313.52962895664297,0.3313251405438452,8
WR,fantasy_points_ppr,historical_median_comparable_opportunity,true,30.99783161157513,56.00736522292965,0.648649678401937,8
QB,carries,previous_season_total,true,12.495294269886767,20.11308322641585,0.6179849914919648,8
TE,receptions,three_year_weighted_average,true,10.043480839046856,15.58711838644889,0.6016619622026543,8
WR,fantasy_points_ppr,elastic_net,false,31.53518360345311,44.31013603924377,0.7578574558552464,8
WR,receiving_tds,previous_season_per_game,true,1.1896825427379174,2.097308096627049,0.6035774165658732,8
QB,carries,three_year_weighted_average,true,12.495294269886767,20.11308322641585,0.6179849914919648,8
WR,receiving_tds,two_year_weighted_average,true,1.1896825427379174,2.097308096627049,0.6035774165658732,8
WR,receiving_yards,historical_median_comparable_opportunity,true,140.45465093111568,256.3335006503294,0.6512831956188451,8
QB,fumbles_lost,previous_season_total,true,1.161614714553451,1.8482853282862488,0.40538237505264,8
QB,fantasy_points_ppr,previous_season_total,true,51.268017146652056,83.78185355934656,0.6205105624024588,8
RB,carries,ridge,false,30.63316136759053,45.38469609937715,0.7359667615841095,8
QB,pass_attempts,three_year_weighted_average,true,109.18568819966204,170.9596126210294,0.5756861645271591,8
TE,receiving_tds,elastic_net,false,0.9221610972611041,1.4155293502019641,0.6258898823755453,8
TE,targets,historical_median_comparable_opportunity,true,13.401293134765883,23.24898377752742,0.5676759284098394,8
QB,pass_attempts,previous_season_total,true,109.18568819966204,170.9596126210294,0.5756861645271591,8
TE,receiving_tds,previous_season_per_game,true,1.0473107462917621,1.815354966818067,0.4975909048941184,8
WR,receptions,previous_season_per_game,true,12.486282413339083,18.98378022903123,0.6415503606892401,8
TE,fantasy_points_ppr,historical_median_comparable_opportunity,true,24.027845733432578,42.62551854477911,0.5738386670602779,8
RB,fumbles_lost,ridge_baseline,true,0.3209182560977294,0.5365353812229133,0.4212074040210425,8
RB,receiving_yards,elastic_net,false,58.2293124171087,90.57582022826422,0.6918825972928675,8
RB,receiving_yards,previous_season_total,true,66.92083401736957,110.77391328334238,0.5657687666525693,8
TE,fantasy_points_ppr,elastic_net,false,23.051650008322692,34.05759275101356,0.7250191735928077,8
RB,rushing_tds,previous_season_per_game,true,1.318438277219161,2.544007583839277,0.5462894178662251,8
TE,fumbles_lost,three_year_weighted_average,true,0.15448234066865665,0.4551421328469871,0.14378504989564786,8
QB,passing_yards,two_year_weighted_average,true,759.8197500849806,1215.0518010780384,0.5957816751494156,8
QB,passing_tds,two_year_weighted_average,true,4.916627675562638,8.449945247262209,0.632575239675553,8
WR,rushing_tds,elastic_net,false,0.06232668426468452,0.24204061771095153,0.2270496709103516,8
RB,rushing_tds,historical_median_comparable_opportunity,true,1.1021774360759673,2.59144591202742,0.5917151655826671,8
WR,fantasy_points_ppr,ridge,false,31.636968341365765,44.04544970375856,0.7678795300261267,8
TE,targets,two_year_weighted_average,true,14.520460499615806,22.397493272437973,0.5877272601008054,8
RB,rushing_tds,previous_season_total,true,1.318438277219161,2.544007583839277,0.5462894178662251,8
TE,receiving_tds,three_year_weighted_average,true,1.0473107462917621,1.815354966818067,0.4975909048941184,8
QB,completions,elastic_net,false,61.39417515582975,87.30353595380743,0.7150895883400097,8
TE,fumbles_lost,position_age_group_average,true,0.1599423276391883,0.31764748007569077,-0.0008794299706836838,8
WR,carries,ridge_baseline,true,1.191389939660512,2.738669924530055,0.48259425472470463,8
QB,completions,three_year_weighted_average,true,70.05926366258306,111.09180783859578,0.5841835943629654,8
WR,targets,position_age_group_average,true,31.9456127737551,39.92837285531519,0.23505970481000424,8
WR,targets,elastic_net,false,17.17587879649663,23.60745714820235,0.7612939207930494,8
RB,carries,three_year_weighted_average,true,34.07752893519018,56.49289354543148,0.5924044116473879,8
